{
  "implicitDependencies": {
    ".c8rc.json": "*",
    "ava.base.js": ["@netlify/build", "@netlify/config", "netlify"],
    "package.json": "*",
    "package-lock.json": "*",
    "nx.json": "*",
    "tsconfig.base.json": "*"
  },
  "tasksRunnerOptions": {
    "default": {
      "runner": "nx/tasks-runners/default",
      "options": {
        "cacheableOperations": ["build", "test", "test:ci"]
      }
    }
  },
  "targetDefaults": {
    "build": {
      "dependsOn": ["^build"],
      "outputs": ["{projectRoot}/lib"]
    },
    "test:ci": {
      "dependsOn": ["build"]
    }
  }
}
